TeamUID,Mean_Introversion,Mean_Extroversion,Cohort,Group,TBL1_TBL3_diff,TBL1_TBL3_1_diff,TBL1_TBL3_2_diff,TBL1_TBL3_3_diff,TBL1_TBL3_4_diff,TBL1_TBL3_5_diff,TBL1_TeamRating,TBL1_1_Engagement,TBL1_2_Conflict,TBL1_3_Roles,TBL1_4_DecisionMkg,TBL1_5_Planning,TBL2_TeamRating,TBL2_1_Engagement,TBL2_2_Conflict,TBL2_3_Roles,TBL2_4_DecisionMkg,TBL2_5_Planning,TBL3_TeamRating,TBL3_1_Engagement,TBL3_2_Conflict,TBL3_3_Roles,TBL3_4_DecisionMkg,TBL3_5_Planning
201901,15.88888889,18.22222222,2019,1,4,0,1,1,1,1,14,4,3,2,3,2,17,4,4,2,4,3,18,4,4,3,4,3
201902,18.375,16.375,2019,2,2,1,0,0,0,1,15,3,4,3,3,2,16,3,4,2,4,3,17,4,4,3,3,3
201903,18.75,15.5,2019,3,2,0,0,0,1,1,18,4,4,4,3,3,20,4,4,4,4,4,20,4,4,4,4,4
201904,16,18.88888889,2019,4,5,0,1,2,0,2,14,4,3,2,3,2,17,4,4,2,3,4,19,4,4,4,3,4
201905,17.22222222,17.33333333,2019,5,4,1,1,1,1,0,15,3,3,3,3,3,20,4,4,4,4,4,19,4,4,4,4,3
201906,16.44444444,17.77777778,2019,6,6,1,1,0,2,2,13,3,3,3,2,2,18,4,4,3,4,3,19,4,4,3,4,4
201907,13.66666667,21.44444444,2019,7,6,0,1,2,1,2,14,4,3,2,3,2,20,4,4,4,4,4,20,4,4,4,4,4
201908,16.55555556,18.55555556,2019,8,3,1,1,0,0,1,16,3,3,4,3,3,20,4,4,4,4,4,19,4,4,4,3,4
201909,16.11111111,18.66666667,2019,9,1,0,0,0,0,1,18,4,4,3,4,3,18,4,4,2,4,4,19,4,4,3,4,4
201910,17.625,16.75,2019,10,9,1,1,3,2,2,11,3,3,1,2,2,17,4,4,3,3,3,20,4,4,4,4,4
201911,16.55555556,18.11111111,2019,11,8,1,1,2,2,2,12,3,3,2,2,2,20,4,4,4,4,4,20,4,4,4,4,4
201913,19.55555556,14.77777778,2019,13,2,0,0,2,-1,1,17,4,4,2,4,3,16,4,4,2,4,2,19,4,4,4,3,4
201914,15.55555556,18.55555556,2019,14,4,2,1,-1,1,1,14,2,3,4,3,2,19,4,4,4,4,3,18,4,4,3,4,3
201915,19.5,14.75,2019,15,0,1,-1,0,1,-1,15,3,4,2,2,4,15,3,4,2,3,3,15,4,3,2,3,3
201916,16.33333333,18.33333333,2019,16,4,1,0,1,1,1,16,3,4,3,3,3,18,4,3,4,3,4,20,4,4,4,4,4
201918,15.625,19.5,2019,18,5,0,1,2,0,2,14,4,3,2,3,2,17,4,4,3,3,3,19,4,4,4,3,4
201920,15.88888889,18.88888889,2019,20,6,0,1,2,1,2,14,4,3,2,3,2,19,4,4,4,3,4,20,4,4,4,4,4
201921,17.22222222,17.88888889,2019,21,5,0,1,1,2,1,15,4,3,3,2,3,19,4,4,4,4,3,20,4,4,4,4,4
201922,16.7,18.4,2019,22,4,1,0,1,1,1,13,3,4,1,3,2,16,4,4,2,3,3,17,4,4,2,4,3
201923,18.5,15.8,2019,23,2,0,0,0,1,1,18,4,4,4,3,3,18,4,4,3,4,3,20,4,4,4,4,4
201925,17,18.11111111,2019,25,4,1,1,1,0,1,13,3,3,2,3,2,18,4,4,3,4,3,17,4,4,3,3,3
201926,13.375,21.625,2019,26,6,1,0,2,2,1,12,3,4,2,1,2,18,4,4,4,3,3,18,4,4,4,3,3
202001,20.77777778,14.44444444,2020,1,6,1,0,1,1,3,12,3,4,2,3,0,18,4,4,3,4,3,18,4,4,3,4,3
202002,17.88888889,16.55555556,2020,2,3,0,1,0,0,2,14,4,3,3,3,1,15,4,4,2,3,2,17,4,4,3,3,3
202003,16.44444444,18.22222222,2020,3,4,1,0,1,1,1,15,3,4,3,3,2,19,4,4,4,4,3,19,4,4,4,4,3
202004,20.33333333,14.66666667,2020,4,4,1,1,0,1,1,14,3,3,3,3,2,14,3,3,2,3,3,18,4,4,3,4,3
202005,22.22222222,12.88888889,2020,5,0,0,0,0,1,-1,19,4,4,4,3,4,19,4,4,4,3,4,19,4,4,4,4,3
202006,19,15.88888889,2020,6,-1,0,0,-1,0,0,15,3,4,3,3,2,15,4,4,2,3,2,14,3,4,2,3,2
202007,17.88888889,17.11111111,2020,7,10,2,3,2,1,2,10,2,1,2,3,2,16,3,4,3,3,3,20,4,4,4,4,4
202008,18.33333333,16.77777778,2020,8,5,1,0,2,1,1,15,3,4,2,3,3,20,4,4,4,4,4,20,4,4,4,4,4
202009,16.33333333,18,2020,9,2,1,0,1,0,0,15,3,4,2,3,3,17,4,4,3,3,3,17,4,4,3,3,3
202010,18,16.55555556,2020,10,4,1,0,1,1,1,15,3,4,2,3,3,18,4,4,2,4,4,19,4,4,3,4,4
202011,22.25,13.25,2020,11,2,1,0,0,0,1,15,3,4,3,3,2,16,4,4,2,3,3,17,4,4,3,3,3
202012,18,16.375,2020,12,5,1,0,2,1,1,15,3,4,2,3,3,17,4,4,3,3,3,20,4,4,4,4,4
202013,16.14285714,19,2020,13,5,1,1,0,1,2,14,3,3,3,3,2,16,4,4,2,3,3,19,4,4,3,4,4
202014,17,17.66666667,2020,14,6,1,0,2,1,2,14,3,4,2,3,2,19,4,4,3,4,4,20,4,4,4,4,4
202015,22.44444444,12.77777778,2020,15,5,1,0,2,1,1,14,3,4,2,3,2,17,3,4,3,4,3,19,4,4,4,4,3
202016,18.88888889,16.33333333,2020,16,0,0,0,0,0,0,20,4,4,4,4,4,17,4,3,3,3,4,20,4,4,4,4,4
202017,15.875,18.875,2020,17,1,1,0,0,0,0,13,3,3,2,3,2,16,4,4,3,3,2,14,4,3,2,3,2
202018,17.22222222,17.55555556,2020,18,7,1,0,2,1,3,13,3,4,2,3,1,16,4,4,3,3,2,20,4,4,4,4,4
202019,19.33333333,15.44444444,2020,19,2,1,0,1,0,0,18,3,4,3,4,4,18,4,4,3,3,4,20,4,4,4,4,4
202020,17.44444444,17.33333333,2020,20,2,1,0,1,0,0,16,3,4,3,3,3,16,4,3,3,4,2,18,4,4,4,3,3
202021,13.66666667,21,2020,21,4,1,0,1,1,1,14,3,4,2,3,2,18,4,4,3,4,3,18,4,4,3,4,3
202022,13.88888889,20.44444444,2020,22,4,1,0,1,1,1,15,3,4,3,3,2,18,3,4,4,4,3,19,4,4,4,4,3
202023,18.7,16.2,2020,23,7,1,0,2,1,3,13,3,4,2,3,1,18,4,4,3,4,3,20,4,4,4,4,4
202024,15.77777778,18.77777778,2020,24,6,1,0,2,1,2,13,3,3,2,3,2,20,4,4,4,4,4,19,4,3,4,4,4
202025,17.22222222,17.77777778,2020,25,4,1,1,1,-1,2,14,3,3,2,4,2,16,3,4,3,4,2,18,4,4,3,3,4
202101,15.71428571,19.28571429,2021,1,0,0,0,0,0,0,20,4,4,4,4,4,20,4,4,4,4,4,20,4,4,4,4,4
202102,16.33333333,18.83333333,2021,2,6,0,1,2,1,2,14,4,3,2,3,2,17,4,4,2,4,3,20,4,4,4,4,4
202103,13.42857143,22.28571429,2021,3,2,0,0,1,0,1,15,4,4,2,3,2,17,4,4,2,3,4,17,4,4,3,3,3
202104,12.66666667,21.5,2021,4,0,0,0,0,0,0,20,4,4,4,4,4,18,4,3,3,4,4,20,4,4,4,4,4
202105,21.85714286,12.14285714,2021,5,7,1,2,2,1,1,11,2,2,2,3,2,16,3,4,2,4,3,18,3,4,4,4,3
202106,18.28571429,16,2021,6,3,1,0,1,1,0,17,3,4,3,3,4,19,4,4,4,3,4,20,4,4,4,4,4
202107,14.5,20.5,2021,7,0,0,0,-1,0,1,19,4,4,5,4,2,15,4,3,3,3,2,19,4,4,4,4,3
202108,12.4,23,2021,8,0,0,0,0,0,0,20,4,4,4,4,4,20,4,4,4,4,4,20,4,4,4,4,4
202109,19.14285714,15.57142857,2021,9,3,0,1,1,1,0,17,4,3,3,3,4,18,4,4,3,4,3,20,4,4,4,4,4
202110,17.14285714,17.57142857,2021,10,3,1,0,0,1,1,17,3,4,4,3,3,20,4,4,4,4,4,20,4,4,4,4,4
202111,15,19.57142857,2021,11,2,0,0,1,-1,2,16,4,4,2,4,2,18,4,4,3,3,4,18,4,4,3,3,4
202112,16,18.85714286,2021,12,2,0,0,1,1,0,18,4,4,3,3,4,20,4,4,4,4,4,20,4,4,4,4,4
202113,19.83333333,14.66666667,2021,13,1,0,0,2,0,-1,17,4,4,2,3,4,18,4,4,4,3,3,18,4,4,4,3,3
202114,20,14.8,2021,14,1,0,0,2,0,-1,18,4,4,2,4,4,17,4,4,2,4,3,19,4,4,4,4,3
202115,13,22.16666667,2021,15,1,-1,1,1,-1,1,16,4,3,3,4,2,16,3,4,4,3,2,17,3,4,4,3,3
202116,17.57142857,16.85714286,2021,16,3,0,0,1,0,2,17,4,4,3,4,2,19,4,4,4,3,4,20,4,4,4,4,4
202117,17,17.71428571,2021,17,2,0,0,2,1,-1,17,4,4,2,3,4,19,4,4,3,4,4,19,4,4,4,4,3
202118,15.83333333,19,2021,18,2,1,0,1,0,0,17,3,4,3,3,4,16,4,4,2,4,2,19,4,4,4,3,4
202119,15.85714286,18.42857143,2021,19,2,0,-1,2,0,1,15,4,4,2,3,2,17,4,4,3,4,2,17,4,3,4,3,3
202121,21.83333333,12.83333333,2021,21,2,0,0,1,0,1,18,4,4,3,4,3,19,4,4,3,4,4,20,4,4,4,4,4
202122,18.42857143,16.85714286,2021,22,2,0,0,2,0,0,17,4,4,2,4,3,15,4,4,2,3,2,19,4,4,4,4,3
202123,18.42857143,16,2021,23,2,1,0,0,0,1,17,3,4,4,4,2,20,4,4,4,4,4,19,4,4,4,4,3
202124,19.42857143,16,2021,24,4,0,0,2,1,1,16,4,4,2,3,3,17,4,4,4,3,2,20,4,4,4,4,4
202125,12.28571429,22.57142857,2021,25,3,0,0,1,1,1,15,4,4,2,3,2,18,4,4,3,4,3,18,4,4,3,4,3
